,COMPARER_COLUMN,AVERAGE_COMPARER,AVERAGE_COMPARABLE_HIGHER,AVERAGE_COMPARABLE_LOWER,DIFFERENCE,DIFFERENCE_PERCENT,CORRELATION,P_VALUE
GDP,GDP,11379.0861000632,34.8,52.6,17.800000000000004,38.94967177242889,-0.4442191423631629,0.0
QUALITY_OF_LIFE_INDEX,QUALITY_OF_LIFE_INDEX,141.0,32.2,45.6,13.399999999999999,32.56379100850546,-0.5563054610908943,0.0
PURCHASING_POWER_INDEX,PURCHASING_POWER_INDEX,76.6,32.1,45.150000000000006,13.050000000000004,31.71324422843257,-0.4854721890148976,0.0
HEALTH_CARE_INDEX,HEALTH_CARE_INDEX,65.15,35.400000000000006,44.2,8.799999999999997,21.38517618469015,-0.38544685414606644,0.013
COST_OF_LIVING_INDEX,COST_OF_LIVING_INDEX,40.15,32.599999999999994,44.900000000000006,12.300000000000011,29.890643985419224,-0.40822023658092316,0.0
PROPERTY_PRICE_TO_INCOME_RATIO,PROPERTY_PRICE_TO_INCOME_RATIO,12.25,41.900000000000006,39.7,2.200000000000003,5.346294046172546,0.10658361647086846,0.263
POLLUTION_INDEX,POLLUTION_INDEX,57.349999999999994,43.05,33.95,9.099999999999994,22.114216281895487,0.35716443077977456,0.116
CLIMATE_INDEX,CLIMATE_INDEX,81.5,46.599999999999994,35.400000000000006,11.199999999999989,27.2174969623329,0.39565064813262546,0.002
